Title,Type,Categories,Url
Island,Category,***,https://islandlife.fandom.com/zh-tw/wiki/Island
Species,Category,***,https://islandlife.fandom.com/zh-tw/wiki/Species
魏米爾島,Category,Island,https://islandlife.fandom.com/zh-tw/wiki/%E9%AD%8F%E7%B1%B3%E7%88%BE%E5%B3%B6
米德島,Category,Island,https://islandlife.fandom.com/zh-tw/wiki/%E7%B1%B3%E5%BE%B7%E5%B3%B6
馬提尼克島,Category,Island,https://islandlife.fandom.com/zh-tw/wiki/%E9%A6%AC%E6%8F%90%E5%B0%BC%E5%85%8B%E5%B3%B6
明通島,Category,Island,https://islandlife.fandom.com/zh-tw/wiki/%E6%98%8E%E9%80%9A%E5%B3%B6
愛爾窪島,Category,Island,https://islandlife.fandom.com/zh-tw/wiki/%E6%84%9B%E7%88%BE%E7%AA%AA%E5%B3%B6
愛奇斯島,Category,Island,https://islandlife.fandom.com/zh-tw/wiki/%E6%84%9B%E5%A5%87%E6%96%AF%E5%B3%B6
艾爾迪亞島,Category,Island,https://islandlife.fandom.com/zh-tw/wiki/%E8%89%BE%E7%88%BE%E8%BF%AA%E4%BA%9E%E5%B3%B6
娜魯島,Category,Island,https://islandlife.fandom.com/zh-tw/wiki/%E5%A8%9C%E9%AD%AF%E5%B3%B6
基魯島,Category,Island,https://islandlife.fandom.com/zh-tw/wiki/%E5%9F%BA%E9%AD%AF%E5%B3%B6
卡加利納島,Category,Island,https://islandlife.fandom.com/zh-tw/wiki/%E5%8D%A1%E5%8A%A0%E5%88%A9%E7%B4%8D%E5%B3%B6
克雷島,Category,Island,https://islandlife.fandom.com/zh-tw/wiki/%E5%85%8B%E9%9B%B7%E5%B3%B6
屋島,Category,Island,https://islandlife.fandom.com/zh-tw/wiki/%E5%B1%8B%E5%B3%B6
夏普普島,Category,Island,https://islandlife.fandom.com/zh-tw/wiki/%E5%A4%8F%E6%99%AE%E6%99%AE%E5%B3%B6
思加雷亞島,Category,Island,https://islandlife.fandom.com/zh-tw/wiki/%E6%80%9D%E5%8A%A0%E9%9B%B7%E4%BA%9E%E5%B3%B6
賽地諾島,Category,Island,https://islandlife.fandom.com/zh-tw/wiki/%E8%B3%BD%E5%9C%B0%E8%AB%BE%E5%B3%B6
天島,Category,Island,https://islandlife.fandom.com/zh-tw/wiki/%E5%A4%A9%E5%B3%B6
貓島,Category,Island,https://islandlife.fandom.com/zh-tw/wiki/%E8%B2%93%E5%B3%B6
卡爾蒂德島,Category,Island,https://islandlife.fandom.com/zh-tw/wiki/%E5%8D%A1%E7%88%BE%E8%92%82%E5%BE%B7%E5%B3%B6
狂島,Category,Island,https://islandlife.fandom.com/zh-tw/wiki/%E7%8B%82%E5%B3%B6
孤兒島,Category,Island,https://islandlife.fandom.com/zh-tw/wiki/%E5%AD%A4%E5%85%92%E5%B3%B6
天堂島,Category,Island,https://islandlife.fandom.com/zh-tw/wiki/%E5%A4%A9%E5%A0%82%E5%B3%B6
台灣島,Category,Island,https://islandlife.fandom.com/zh-tw/wiki/%E5%8F%B0%E7%81%A3%E5%B3%B6
科精族,Category,Species,https://islandlife.fandom.com/zh-tw/wiki/%E7%A7%91%E7%B2%BE%E6%97%8F
數族,Category,Species,https://islandlife.fandom.com/zh-tw/wiki/%E6%95%B8%E6%97%8F
高人族,Category,Species,https://islandlife.fandom.com/zh-tw/wiki/%E9%AB%98%E4%BA%BA%E6%97%8F
鬼族,Category,Species,https://islandlife.fandom.com/zh-tw/wiki/%E9%AC%BC%E6%97%8F
普爾奇思族,Category,Species,https://islandlife.fandom.com/zh-tw/wiki/%E6%99%AE%E7%88%BE%E5%A5%87%E6%80%9D%E6%97%8F
普爾奇爾族,Category,Species,https://islandlife.fandom.com/zh-tw/wiki/%E6%99%AE%E7%88%BE%E5%A5%87%E7%88%BE%E6%97%8F
精羽族,Category,Species,https://islandlife.fandom.com/zh-tw/wiki/%E7%B2%BE%E7%BE%BD%E6%97%8F
馬卡爾族,Category,Species,https://islandlife.fandom.com/zh-tw/wiki/%E9%A6%AC%E5%8D%A1%E7%88%BE%E6%97%8F
祈粉族,Category,Species,https://islandlife.fandom.com/zh-tw/wiki/%E7%A5%88%E7%B2%89%E6%97%8F
母族,Category,Species,https://islandlife.fandom.com/zh-tw/wiki/%E6%AF%8D%E6%97%8F
加爾族,Category,Species,https://islandlife.fandom.com/zh-tw/wiki/%E5%8A%A0%E7%88%BE%E6%97%8F
普普族,Category,Species,https://islandlife.fandom.com/zh-tw/wiki/%E6%99%AE%E6%99%AE%E6%97%8F
懶族,Category,Species,https://islandlife.fandom.com/zh-tw/wiki/%E6%87%B6%E6%97%8F
烏爾達族,Category,Species,https://islandlife.fandom.com/zh-tw/wiki/%E7%83%8F%E7%88%BE%E9%81%94%E6%97%8F
天族 ,Category,Species,https://islandlife.fandom.com/zh-tw/wiki/%E5%A4%A9%E6%97%8F
母爾達族,Category,Species,https://islandlife.fandom.com/zh-tw/wiki/%E6%AF%8D%E7%88%BE%E9%81%94%E6%97%8F
貓族,Category,Species,https://islandlife.fandom.com/zh-tw/wiki/%E8%B2%93%E6%97%8F
兩棲族,Category,Species,https://islandlife.fandom.com/zh-tw/wiki/%E5%85%A9%E6%A3%B2%E6%97%8F
迷幻族,Category,Species,https://islandlife.fandom.com/zh-tw/wiki/%E8%BF%B7%E5%B9%BB%E6%97%8F
嶼族,Category,Species,https://islandlife.fandom.com/zh-tw/wiki/%E5%B6%BC%E6%97%8F
天堂族,Category,Species,https://islandlife.fandom.com/zh-tw/wiki/%E5%A4%A9%E5%A0%82%E6%97%8F
人類族,Category,Species,https://islandlife.fandom.com/zh-tw/wiki/%E4%BA%BA%E9%A1%9E%E6%97%8F?venotify=created
Bess Harvey,Individual,"魏米爾島,科精族",
Zara Thoreau,Individual,"魏米爾島,科精族",
Chad Montgomery,Individual,"魏米爾島,科精族",
Bevis Scott,Individual,"魏米爾島,科精族",
Elvis Maggie,Individual,"魏米爾島,科精族",
Abraham Perkin,Individual,"魏米爾島,科精族",
Archer Kit,Individual,"魏米爾島,科精族",
Maggie Malthus,Individual,"魏米爾島,科精族",
Kimberley Coleridge,Individual,"魏米爾島,科精族",
Paul Alick,Individual,"魏米爾島,科精族",
Michell Henry,Individual,"魏米爾島,科精族",
Lynn Chapman,Individual,"魏米爾島,科精族",
Regina Beck,Individual,"魏米爾島,科精族",
Baldwin I.,Individual,"魏米爾島,科精族",
Raymond Robin,Individual,"魏米爾島,科精族",
Pamela Kitto,Individual,"魏米爾島,科精族",
Georgia Romeo,Individual,"魏米爾島,科精族",
Horace Ernest,Individual,"魏米爾島,科精族",
Tim Lowell,Individual,"魏米爾島,科精族",
Daphne Hubbard,Individual,"魏米爾島,科精族",
Patricia Armstrong,Individual,"魏米爾島,科精族",
Benjamin Sally,Individual,"米德島,數族",
Mag Nell,Individual,"米德島,數族",
Martina Wheeler,Individual,"米德島,數族",
Helen Carrie,Individual,"米德島,數族",
Abel Chamberlain,Individual,"米德島,數族",
Vincent Defoe,Individual,"米德島,數族",
Norma Aldridge,Individual,"米德島,數族",
Simona Morgan,Individual,"米德島,數族",
James Kingsley,Individual,"米德島,數族",
Rock Byron,Individual,"米德島,數族",
Angela George,Individual,"米德島,數族",
Bertram Gracie,Individual,"米德島,數族",
John Warner,Individual,"米德島,數族",
Aubrey Madge,Individual,"米德島,數族",
Marvin Wilmot,Individual,"米德島,數族",
Cora Pound,Individual,"米德島,數族",
Ingemar Washington,Individual,"米德島,數族",
Harold Eipstein,Individual,"米德島,數族",
Theresa Marcellus,Individual,"米德島,數族",
Ursula May,Individual,"米德島,數族",
Robin Brook,Individual,"米德島,數族",
Rodney Dorothea,Individual,"馬提尼克島,  高人族",
Herbert Leighton,Individual,"馬提尼克島,  高人族",
Michelle Reynolds,Individual,"馬提尼克島,  高人族",
Dorothy Wollaston,Individual,"馬提尼克島,  高人族",
Guy Virginia,Individual,"馬提尼克島,  高人族",
Lorraine Jenkin,Individual,"馬提尼克島,  高人族",
April Marner,Individual,"馬提尼克島,  高人族",
Lou Harold,Individual,"馬提尼克島,  高人族",
Eleanore Camp,Individual,"馬提尼克島,  高人族",
Winston Marion,Individual,"馬提尼克島,  高人族",
Doreen Hodge,Individual,"馬提尼克島,  高人族",
Nat Bruno,Individual,"馬提尼克島,  高人族",
Lauren Zangwill,Individual,"馬提尼克島,  高人族",
Gill Childe,Individual,"馬提尼克島,  高人族",
Valerie Lew,Individual,"馬提尼克島,  高人族",
Candice Bryan,Individual,"馬提尼克島,  高人族",
Lindsay Ted,Individual,"馬提尼克島,  高人族",
Stephanie Lyly,Individual,"馬提尼克島,  高人族",
Martha Sainsbury,Individual,"馬提尼克島,  高人族",
Walker Gosse,Individual,"馬提尼克島,  高人族",
Vita Susanna,Individual,"馬提尼克島,  高人族",
Calvin James,Individual,"明通島,鬼族",
Madeline Child,Individual,"明通島,鬼族",
Sheila Barney,Individual,"明通島,鬼族",
Ronald Luke,Individual,"明通島,鬼族",
Oliver Den(n)is,Individual,"明通島,鬼族",
Sampson Mac-,Individual,"明通島,鬼族",
Gavin Thompson,Individual,"明通島,鬼族",
Emily Jerry,Individual,"明通島,鬼族",
Kerwin DuBois,Individual,"明通島,鬼族",
Jane Mary,Individual,"明通島,鬼族",
Venus Kellogg,Individual,"明通島,鬼族",
Olga Clemens,Individual,"明通島,鬼族",
Ida Kathleen,Individual,"明通島,鬼族",
Antonia Cook,Individual,"明通島,鬼族",
Karen Billy,Individual,"明通島,鬼族",
Genevieve Cook,Individual,"明通島,鬼族",
Berg Butler,Individual,"明通島,鬼族",
Violet Monroe,Individual,"明通島,鬼族",
Tyrone Adams,Individual,"明通島,鬼族",
Paddy Peacock,Individual,"明通島,鬼族",
Hannah Peggy,Individual,"明通島,鬼族",
Hamiltion Gardner,Individual,"愛爾窪島,普爾奇思族",https://islandlife.fandom.com/zh-tw/wiki/Hamiltion_Gardner
Dale Grantham,Individual,"愛爾窪島,普爾奇思族",https://islandlife.fandom.com/zh-tw/wiki/Dale_Grantham
Ed Lily,Individual,"愛爾窪島,普爾奇思族",https://islandlife.fandom.com/zh-tw/wiki/Ed_Lily
Clara Maltz,Individual,"愛爾窪島,普爾奇思族",https://islandlife.fandom.com/zh-tw/wiki/Clara_Maltz
Elvira Giles,Individual,"愛爾窪島,普爾奇思族",
Wanda Michelson,Individual,"愛爾窪島,普爾奇思族",
Lawrence Dierser,Individual,"愛爾窪島,普爾奇思族",
Rory Galsworthy,Individual,"愛爾窪島,普爾奇思族",
Armstrong Ackerman(n),Individual,"愛爾窪島,普爾奇思族",
Mamie Hood,Individual,"愛爾窪島,普爾奇思族",
Maxine Kennan,Individual,"愛爾窪島,普爾奇思族",
Frank Dunbar,Individual,"愛爾窪島,普爾奇思族",
Berton Trevelyan,Individual,"愛爾窪島,普爾奇思族",
Larry Strachey,Individual,"愛爾窪島,普爾奇思族",
Abbott Van,Individual,"愛爾窪島,普爾奇思族",
Mick Bach,Individual,"愛爾窪島,普爾奇思族",
Alger Titus,Individual,"愛爾窪島,普爾奇思族",
Edward Yonng,Individual,"愛爾窪島,普爾奇思族",
Ron Gabriel,Individual,"愛爾窪島,普爾奇思族",
Janice Robbins,Individual,"愛爾窪島,普爾奇思族",
Angelo Raleign,Individual,"愛爾窪島,普爾奇思族",
Tess Spencer,Individual,"愛奇斯島,普爾奇爾族",https://islandlife.fandom.com/zh-tw/wiki/Tess_Spencer
Astrid Baldwin,Individual,"愛奇斯島,普爾奇爾族",https://islandlife.fandom.com/zh-tw/wiki/Astrid_Baldwin
Andrew Bessie,Individual,"愛奇斯島,普爾奇爾族",https://islandlife.fandom.com/zh-tw/wiki/Andrew_Bessie
Joyce Benjamin,Individual,"愛奇斯島,普爾奇爾族",https://islandlife.fandom.com/zh-tw/wiki/Joyce_Benjamin
Matthew Ben,Individual,"愛奇斯島,普爾奇爾族",https://islandlife.fandom.com/zh-tw/wiki/Matthew_Ben
Bertha Haywood,Individual,"愛奇斯島,普爾奇爾族",
Elma Jones,Individual,"愛奇斯島,普爾奇爾族",
Ella Whitehead,Individual,"愛奇斯島,普爾奇爾族",
Egbert Halifax,Individual,"愛奇斯島,普爾奇爾族",
Xenia Katte,Individual,"愛奇斯島,普爾奇爾族",
Magee Mond,Individual,"愛奇斯島,普爾奇爾族",
Leif Lynch,Individual,"愛奇斯島,普爾奇爾族",
Sigrid Horace,Individual,"愛奇斯島,普爾奇爾族",
Griffith Ellen,Individual,"愛奇斯島,普爾奇爾族",
Riva Benedict,Individual,"愛奇斯島,普爾奇爾族",
Lydia Hutt,Individual,"愛奇斯島,普爾奇爾族",
Maud Edmund,Individual,"愛奇斯島,普爾奇爾族",
Evelyn Herty,Individual,"愛奇斯島,普爾奇爾族",
Dave Fred,Individual,"愛奇斯島,普爾奇爾族",
Cecil Robert,Individual,"愛奇斯島,普爾奇爾族",
Natalie Dillon,Individual,"愛奇斯島,普爾奇爾族",
Marjorie Lancelot,Individual,"艾爾迪亞島,精羽族",
Colby Pollitt,Individual,"艾爾迪亞島,精羽族",
Adolph Bertha,Individual,"艾爾迪亞島,精羽族",
Charlotte Holt,Individual,"艾爾迪亞島,精羽族",
Amos Craigie,Individual,"艾爾迪亞島,精羽族",
Wordsworth Thomson,Individual,"艾爾迪亞島,精羽族",
Boris Zacharias,Individual,"艾爾迪亞島,精羽族",
Kelly Antoinette,Individual,"艾爾迪亞島,精羽族",
Nick Howard,Individual,"艾爾迪亞島,精羽族",
Veronica Isaac,Individual,"艾爾迪亞島,精羽族",
Pete Marjory,Individual,"艾爾迪亞島,精羽族",
Annabelle Edward,Individual,"艾爾迪亞島,精羽族",
Wallis Faraday,Individual,"艾爾迪亞島,精羽族",
Geoffrey Elsie,Individual,"艾爾迪亞島,精羽族",
Donahue John,Individual,"艾爾迪亞島,精羽族",
Beck Rhys,Individual,"艾爾迪亞島,精羽族",
Laura Dewar,Individual,"艾爾迪亞島,精羽族",
Ternence Marshall,Individual,"艾爾迪亞島,精羽族",
Max Clement,Individual,"艾爾迪亞島,精羽族",
Gustave Morrison,Individual,"艾爾迪亞島,精羽族",
Monroe Broad,Individual,"艾爾迪亞島,精羽族",
Harvey Lewis,Individual,"娜魯島,馬卡爾族",
Gail Woolf,Individual,"娜魯島,馬卡爾族",
Adam Kipling,Individual,"娜魯島,馬卡爾族",
Jeffrey Roy,Individual,"娜魯島,馬卡爾族",
Natividad Malachi,Individual,"娜魯島,馬卡爾族",
Curitis Sonmerfield,Individual,"娜魯島,馬卡爾族",
Kevin Hansom,Individual,"娜魯島,馬卡爾族",
Uriah Pullan,Individual,"娜魯島,馬卡爾族",
Benson Bright,Individual,"娜魯島,馬卡爾族",
Nelson Back,Individual,"娜魯島,馬卡爾族",
Arlen Julian,Individual,"娜魯島,馬卡爾族",
Hobart Francis,Individual,"娜魯島,馬卡爾族",
Erin Nora,Individual,"娜魯島,馬卡爾族",
Bruce Charles,Individual,"娜魯島,馬卡爾族",
Adelaide Ruskin,Individual,"娜魯島,馬卡爾族",
Muriel Emma,Individual,"娜魯島,馬卡爾族",
Hale Nelson,Individual,"娜魯島,馬卡爾族",
Virginia Acheson,Individual,"娜魯島,馬卡爾族",
Nicholas Lucas,Individual,"娜魯島,馬卡爾族",
Roderick Winifred,Individual,"娜魯島,馬卡爾族",
Marguerite Dunlop,Individual,"娜魯島,馬卡爾族",
Ruby Barrie,Individual,"基魯島,祈粉族",
Yvette Reade,Individual,"基魯島,祈粉族",
Enoch Congreve,Individual,"基魯島,祈粉族",
Ernest Julia,Individual,"基魯島,祈粉族",
Wright Hornby,Individual,"基魯島,祈粉族",
Sophia Saul,Individual,"基魯島,祈粉族",
Cedric Sophia,Individual,"基魯島,祈粉族",
Deborah Hamilton,Individual,"基魯島,祈粉族",
Coral Eisenhower,Individual,"基魯島,祈粉族",
Marcus Beaufort,Individual,"基魯島,祈粉族",
Arvin Dickens,Individual,"基魯島,祈粉族",
Winifred Nixon,Individual,"基魯島,祈粉族",
George Gresham,Individual,"基魯島,祈粉族",
Elizabeth Hobson,Individual,"基魯島,祈粉族",
Brandon Micah,Individual,"基魯島,祈粉族",
Don Catharine,Individual,"基魯島,祈粉族",
Oscar Sandy,Individual,"基魯島,祈粉族",
Harry Dutt,Individual,"基魯島,祈粉族",
Odelette Bowen,Individual,"基魯島,祈粉族",
Webster Tennyson,Individual,"基魯島,祈粉族",
Valentina Crofts,Individual,"基魯島,祈粉族",
Maxwell Maria,Individual,"卡加利納島,母族",
Gale Philip,Individual,"卡加利納島,母族",
Cornelius Caroline,Individual,"卡加利納島,母族",
Olive Stephens,Individual,"卡加利納島,母族",
Amy Cronin,Individual,"卡加利納島,母族",
Anna Milton,Individual,"卡加利納島,母族",
Les Stevenson,Individual,"卡加利納島,母族",
Clarence Lucia,Individual,"卡加利納島,母族",
Lance Adelaide,Individual,"卡加利納島,母族",
Dick Hemingway,Individual,"卡加利納島,母族",
Upton Powell,Individual,"卡加利納島,母族",
Molly Whit,Individual,"卡加利納島,母族",
Page Sheridan,Individual,"卡加利納島,母族",
David Fast,Individual,"卡加利納島,母族",
Kerr Blume,Individual,"卡加利納島,母族",
Wilbur Mill,Individual,"卡加利納島,母族",
Ina Wild,Individual,"卡加利納島,母族",
Heloise Johnston,Individual,"卡加利納島,母族",
Quentin Bennett,Individual,"卡加利納島,母族",
Beverly Mackintosh,Individual,"卡加利納島,母族",
Queena Rhodes,Individual,"卡加利納島,母族",
Ingrid Clark,Individual,"克雷島,加爾族",
Bernard Shakespeare,Individual,"克雷島,加爾族",
Morton Quiller,Individual,"克雷島,加爾族",
Afra Penn,Individual,"克雷島,加爾族",
Herman Grace,Individual,"克雷島,加爾族",
Poppy Hoyle,Individual,"克雷島,加爾族",
Sylvia MacMillan,Individual,"克雷島,加爾族",
Tiffany Frances,Individual,"克雷島,加爾族",
Fanny Dalton,Individual,"克雷島,加爾族",
Hubery Austen,Individual,"克雷島,加爾族",
Abner Leacock,Individual,"克雷島,加爾族",
Peter Electra,Individual,"克雷島,加爾族",
Sabina Wilde,Individual,"克雷島,加爾族",
Claude Barrett,Individual,"克雷島,加爾族",
Julie Evelina,Individual,"克雷島,加爾族",
Gary MacArthur,Individual,"克雷島,加爾族",
Clare Ivan,Individual,"克雷島,加爾族",
Gordon Huntington,Individual,"克雷島,加爾族",
Ada Louisa,Individual,"克雷島,加爾族",
Gwendolyn Boswell,Individual,"克雷島,加爾族",
Joanne Peter,Individual,"克雷島,加爾族",
Laurel Frank,Individual,"屋島,普普族",
Todd Marlowe,Individual,"屋島,普普族",
Marian Murray,Individual,"屋島,普普族",
Janet Bobby,Individual,"屋島,普普族",
Otto Wat,Individual,"屋島,普普族",
Ben Baker,Individual,"屋島,普普族",
Tyler Tom,Individual,"屋島,普普族",
Ann Betsy,Individual,"屋島,普普族",
Wade Whyet,Individual,"屋島,普普族",
Tiffany Will,Individual,"屋島,普普族",
Geraldine Young,Individual,"屋島,普普族",
Atwood Roger,Individual,"屋島,普普族",
Kent Flower,Individual,"屋島,普普族",
Hilary Southey,Individual,"屋島,普普族",
Steven Hopkin,Individual,"屋島,普普族",
Zora Browne,Individual,"屋島,普普族",
Hilary Arthur,Individual,"屋島,普普族",
Carey Swift,Individual,"屋島,普普族",
Gladys Edison,Individual,"屋島,普普族",
Ford Victor,Individual,"屋島,普普族",
Douglas Keppel,Individual,"屋島,普普族",
Henry Bernal,Individual,"夏普普島,懶族",
Elroy Gallacher,Individual,"夏普普島,懶族",
Gloria Sharp,Individual,"夏普普島,懶族",
Salome Jacob,Individual,"夏普普島,懶族",
Viola Leonard,Individual,"夏普普島,懶族",
Hedda Conrad,Individual,"夏普普島,懶族",
Jennifer Eugen,Individual,"夏普普島,懶族",
Odelia Sophy,Individual,"夏普普島,懶族",
Yehudi Tobias,Individual,"夏普普島,懶族",
Troy Tours,Individual,"夏普普島,懶族",
Phoenix Price,Individual,"夏普普島,懶族",
Phil Jimmy,Individual,"夏普普島,懶族",
Ralap Bess,Individual,"夏普普島,懶族",
Jeff Humphr(e)y,Individual,"夏普普島,懶族",
Bblythe Pulitzer,Individual,"夏普普島,懶族",
Asa Patrick,Individual,"夏普普島,懶族",
Agatha Crane,Individual,"夏普普島,懶族",
Claire Nicholas,Individual,"夏普普島,懶族",
Dunn London,Individual,"夏普普島,懶族",
Xaviera III.,Individual,"夏普普島,懶族",
Prima Cowper,Individual,"夏普普島,懶族",
Ivan Windsor,Individual,"思加雷亞島,烏爾達族",
Jo Ezekiel,Individual,"思加雷亞島,烏爾達族",
Barton Darwin,Individual,"思加雷亞島,烏爾達族",
Betsy Valentine,Individual,"思加雷亞島,烏爾達族",
Alexia Church,Individual,"思加雷亞島,烏爾達族",
Barbara Cocker,Individual,"思加雷亞島,烏爾達族",
Stanford,Individual,"思加雷亞島,烏爾達族",
Reginald Augustus,Individual,"思加雷亞島,烏爾達族",
Verna Hawthorne,Individual,"思加雷亞島,烏爾達族",
Spring Walker,Individual,"思加雷亞島,烏爾達族",
Dominic Pearson,Individual,"思加雷亞島,烏爾達族",
Jason Bray,Individual,"思加雷亞島,烏爾達族",
Jocelyn Mark,Individual,"思加雷亞島,烏爾達族",
Tom Wesley,Individual,"思加雷亞島,烏爾達族",
Marcia Zechariah,Individual,"思加雷亞島,烏爾達族",
Stan Buck,Individual,"思加雷亞島,烏爾達族",
Leopold Eveline,Individual,"思加雷亞島,烏爾達族",
Maria Terry,Individual,"思加雷亞島,烏爾達族",
Saxon Geoffrey,Individual,"思加雷亞島,烏爾達族",
Tobey Delia,Individual,"思加雷亞島,烏爾達族",
Agnes Theresa,Individual,"思加雷亞島,烏爾達族",
Phyllis Cecillia,Individual,"賽地諾島,天族",
Andrea Petty,Individual,"賽地諾島,天族",
Samantha Gill,Individual,"賽地諾島,天族",
Eileen Bridges,Individual,"賽地諾島,天族",
Glenn Becky,Individual,"賽地諾島,天族",
Mona Strong,Individual,"賽地諾島,天族",
Marina Churchill,Individual,"賽地諾島,天族",
Jessica Lawson,Individual,"賽地諾島,天族",
Vito Cumberland,Individual,"賽地諾島,天族",
Mignon Eden,Individual,"賽地諾島,天族",
Melissa Raphael,Individual,"賽地諾島,天族",
Lena II.,Individual,"賽地諾島,天族",
Darcy Thackeray,Individual,"賽地諾島,天族",
Sebastiane Godwin,Individual,"賽地諾島,天族",
May Truman,Individual,"賽地諾島,天族",
Simon Nichol(s),Individual,"賽地諾島,天族",
Bing Law,Individual,"賽地諾島,天族",
Nancy Morse,Individual,"賽地諾島,天族",
Lewis Gladstone,Individual,"賽地諾島,天族",
Katherine Evans,Individual,"賽地諾島,天族",
Keith Eva,Individual,"賽地諾島,天族",
Daniel Maud,Individual,"天島,汪羽族",
Rachel Thomas,Individual,"天島,汪羽族",
Rosemary Carmen,Individual,"天島,汪羽族",
Sid Bunyan,Individual,"天島,汪羽族",
Truman Hodgson,Individual,"天島,汪羽族",
Duke Russell,Individual,"天島,汪羽族",
Daisy Ulysses,Individual,"天島,汪羽族",
Donna Roosevelt,Individual,"天島,汪羽族",
Myron Zephaniah,Individual,"天島,汪羽族",
Letitia Lincoln,Individual,"天島,汪羽族",
Enid Belle,Individual,"天島,汪羽族",
Sherry Cotton,Individual,"天島,汪羽族",
Kim Priestley,Individual,"天島,汪羽族",
Humphrey Conan,Individual,"天島,汪羽族",
Ula Hugh,Individual,"天島,汪羽族",
Hulda Ralph,Individual,"天島,汪羽族",
Bowen Harry,Individual,"天島,汪羽族",
Bert Alice,Individual,"天島,汪羽族",
Flora Stilwell,Individual,"天島,汪羽族",
Jacob Anna,Individual,"天島,汪羽族",
Grace Martin,Individual,"天島,汪羽族",
Yoni Huxley,Individual,"貓島,貓族",https://islandlife.fandom.com/zh-tw/wiki/Yoni_Huxley
Leila Cromwell,Individual,"貓島,貓族",https://islandlife.fandom.com/zh-tw/wiki/Leila_Cromwell
Eunice Curme,Individual,"貓島,貓族",https://islandlife.fandom.com/zh-tw/wiki/Eunice_Curme
Yves Cissie,Individual,"貓島,貓族",
Jodie Abe,Individual,"貓島,貓族",
Pag Amelia,Individual,"貓島,貓族",
Ivy Raymond,Individual,"貓島,貓族",
Mary Stone,Individual,"貓島,貓族",
Audrey Wheatley,Individual,"貓島,貓族",
Yvonne Christie,Individual,"貓島,貓族",
Betty Elinor,Individual,"貓島,貓族",
Fay Gold,Individual,"貓島,貓族",
Sara Eve,Individual,"貓島,貓族",
Sandy Spender,Individual,"貓島,貓族",
Myra Patience,Individual,"貓島,貓族",
Dinah Coverdale,Individual,"貓島,貓族",
Megan Bentham,Individual,"貓島,貓族",
Deirdre Beerbohm,Individual,"貓島,貓族",
Mirabelle Rose,Individual,"貓島,貓族",
Vivien Esther,Individual,"貓島,貓族",
Emma Clapham,Individual,"貓島,貓族",
Jerome Hart,Individual,"卡爾蒂德島,兩棲族",
Caesar Bart,Individual,"卡爾蒂德島,兩棲族",
Quintina Bird,Individual,"卡爾蒂德島,兩棲族",
Hilda Rob,Individual,"卡爾蒂德島,兩棲族",
Verne Lamb,Individual,"卡爾蒂德島,兩棲族",
Ives Obadiah,Individual,"卡爾蒂德島,兩棲族",
Baron Frederick,Individual,"卡爾蒂德島,兩棲族",
Jill Joyce,Individual,"卡爾蒂德島,兩棲族",
Merle Haggai,Individual,"卡爾蒂德島,兩棲族",
Chasel Owen,Individual,"卡爾蒂德島,兩棲族",
Dolores Timothy,Individual,"卡爾蒂德島,兩棲族",
Paula Noel,Individual,"卡爾蒂德島,兩棲族",
Jack Melville,Individual,"卡爾蒂德島,兩棲族",
Gene Fox,Individual,"卡爾蒂德島,兩棲族",
Yale Tout,Individual,"卡爾蒂德島,兩棲族",
Ruth Tracy,Individual,"卡爾蒂德島,兩棲族",
Carl Gaskell,Individual,"卡爾蒂德島,兩棲族",
Winfred Maugham,Individual,"卡爾蒂德島,兩棲族",
Barlow Pansy,Individual,"卡爾蒂德島,兩棲族",
Susan Belloc,Individual,"卡爾蒂德島,兩棲族",
Hazel Grant,Individual,"卡爾蒂德島,兩棲族",
Arlene Toynbee,Individual,"卡爾蒂德島,兩棲族",
Evan Carl,Individual,"卡爾蒂德島,兩棲族",
Iris Nathaniei,Individual,"卡爾蒂德島,兩棲族",
Jay Surrey,Individual,"卡爾蒂德島,兩棲族",
Michaelia Pritt,Individual,"卡爾蒂德島,兩棲族",
Zenobia Ferguson,Individual,"卡爾蒂德島,兩棲族",
Taylor Bush,Individual,"卡爾蒂德島,兩棲族",
Alma Sherwood,Individual,"卡爾蒂德島,兩棲族",
Justin Josh,Individual,"卡爾蒂德島,兩棲族",
Hogan Moses,Individual,"卡爾蒂德島,兩棲族",
Jared Henley,Individual,"狂島,迷幻族",https://islandlife.fandom.com/zh-tw/wiki/Jared_Henley
Woodrow Martha,Individual,"狂島,迷幻族",https://islandlife.fandom.com/zh-tw/wiki/Woodrow_Martha
Ward Whitman,Individual,"狂島,迷幻族",
Stacey Job,Individual,"狂島,迷幻族",
Kitty Saxton,Individual,"狂島,迷幻族",
Yetta Crichton,Individual,"狂島,迷幻族",
Amanda Raglan,Individual,"狂島,迷幻族",
Neil Carpenter,Individual,"狂島,迷幻族",
Joseph Raman,Individual,"狂島,迷幻族",
Beau Zimmerman,Individual,"狂島,迷幻族",
Christian Bertie,Individual,"狂島,迷幻族",
Roy Lawrence,Individual,"狂島,迷幻族",
Vicky Isabel,Individual,"狂島,迷幻族",
Eartha Carter,Individual,"狂島,迷幻族",
Bradley Peg,Individual,"狂島,迷幻族",
Aries Harrod,Individual,"狂島,迷幻族",
Barret Jennings,Individual,"狂島,迷幻族",
Judith Kent,Individual,"狂島,迷幻族",
Darren Jeames,Individual,"狂島,迷幻族",
Dempsey Euphemia,Individual,"狂島,迷幻族",
Selena Croft,Individual,"狂島,迷幻族",
Baird Lytton,Individual,"天堂島,天堂族",
Cecilia Dorothy,Individual,"天堂島,天堂族",
Debby Whittier,Individual,"天堂島,天堂族",
Quintion Brewster,Individual,"天堂島,天堂族",
Honey Walkley,Individual,"天堂島,天堂族",
Alva Ricardo,Individual,"天堂島,天堂族",
Theodore Kelvin,Individual,"天堂島,天堂族",
Brian Jeremiah,Individual,"天堂島,天堂族",
Beacher Augustine,Individual,"天堂島,天堂族",
Jonathan Morley,Individual,"天堂島,天堂族",
Octavia Bacon,Individual,"天堂島,天堂族",
Rose Hoover,Individual,"天堂島,天堂族",
Lionel Garden,Individual,"天堂島,天堂族",
Morgan Lou,Individual,"天堂島,天堂族",
Charles Carey,Individual,"天堂島,天堂族",
Adela Judd,Individual,"天堂島,天堂族",
Fabian Mike,Individual,"天堂島,天堂族",
Antonio Moulton,Individual,"天堂島,天堂族",
Gilbert IV.,Individual,"天堂島,天堂族",
Alice Steele,Individual,"天堂島,天堂族",
Cash Ruth,Individual,"天堂島,天堂族",
Owen Green,Individual,"孤兒島,嶼族",https://islandlife.fandom.com/zh-tw/wiki/Owen_Green
Phil Andrew,Individual,"孤兒島,嶼族",https://islandlife.fandom.com/zh-tw/wiki/Phil_Andrew
Suzanne Waters,Individual,"孤兒島,嶼族",https://islandlife.fandom.com/zh-tw/wiki/Suzanne_Waters
Darlene Godwin,Individual,"孤兒島,嶼族",https://islandlife.fandom.com/zh-tw/wiki/Darlene_Godwin
Ada Hood,Individual,"孤兒島,嶼族",
Adela Kelsen,Individual,"孤兒島,嶼族",
Cliff Steinbeck,Individual,"孤兒島,嶼族",
Tiffany Stone,Individual,"孤兒島,嶼族",
Isidore Virginia,Individual,"孤兒島,嶼族",
Queena MacPherson,Individual,"孤兒島,嶼族",
Hamiltion Ben,Individual,"孤兒島,嶼族",
Alexander Louise,Individual,"孤兒島,嶼族",
Barbara Bentham,Individual,"孤兒島,嶼族",
Abraham Hutt,Individual,"孤兒島,嶼族",
Larry Lou,Individual,"孤兒島,嶼族",
Fay Susanna,Individual,"孤兒島,嶼族",
Sandy Fred,Individual,"孤兒島,嶼族",
Arthur Occam,Individual,"孤兒島,嶼族",
Jo Halifax,Individual,"孤兒島,嶼族",
Bertha Maurice,Individual,"孤兒島,嶼族",
Kenneth Tyler,Individual,"孤兒島,嶼族",
林美慧,Individual,"台灣島,人類族",
張佳穎,Individual,"台灣島,人類族",https://islandlife.fandom.com/zh-tw/wiki/%E5%BC%B5%E4%BD%B3%E7%A9%8E
沈耀中,Individual,"台灣島,人類族",https://islandlife.fandom.com/zh-tw/wiki/%E6%B2%88%E8%80%80%E4%B8%AD
方靖合,Individual,"台灣島,人類族",https://islandlife.fandom.com/zh-tw/wiki/%E6%96%B9%E9%9D%96%E5%90%88
馮百幸,Individual,"台灣島,人類族",https://islandlife.fandom.com/zh-tw/wiki/%E9%A6%AE%E7%99%BE%E5%B9%B8?venotify=created
沈長龍,Individual,"台灣島,人類族",
謝茲霖,Individual,"台灣島,人類族",
